-- phpMyAdmin SQL Dump
-- version 5.1.1
-- https://www.phpmyadmin.net/
--
-- Host: 127.0.0.1
-- Generation Time: Mar 18, 2022 at 06:10 AM
-- Server version: 10.4.22-MariaDB
-- PHP Version: 7.4.27

SET SQL_MODE = "NO_AUTO_VALUE_ON_ZERO";
START TRANSACTION;
SET time_zone = "+00:00";


/*!40101 SET @OLD_CHARACTER_SET_CLIENT=@@CHARACTER_SET_CLIENT */;
/*!40101 SET @OLD_CHARACTER_SET_RESULTS=@@CHARACTER_SET_RESULTS */;
/*!40101 SET @OLD_COLLATION_CONNECTION=@@COLLATION_CONNECTION */;
/*!40101 SET NAMES utf8mb4 */;

--
-- Database: `sql_problems`
--

-- --------------------------------------------------------

--
-- Table structure for table `departments`
--

CREATE TABLE `departments` (
  `id` int(11) DEFAULT NULL,
  `name` char(100) DEFAULT NULL
) ENGINE=InnoDB DEFAULT CHARSET=utf8mb4;

--
-- Dumping data for table `departments`
--

INSERT INTO `departments` (`id`, `name`) VALUES
(1, 'Executive'),
(2, 'Admin'),
(3, 'Sales'),
(4, 'Development'),
(5, 'Design'),
(6, 'Marketing');

-- --------------------------------------------------------

--
-- Table structure for table `employees`
--

CREATE TABLE `employees` (
  `id` int(11) DEFAULT NULL,
  `first_name` varchar(100) DEFAULT NULL,
  `last_name` varchar(100) DEFAULT NULL,
  `middle_name` char(1) DEFAULT NULL,
  `birth_date` date DEFAULT NULL,
  `department_id` int(11) DEFAULT NULL,
  `hire_date` date DEFAULT NULL,
  `boss_id` int(11) DEFAULT NULL
) ENGINE=InnoDB DEFAULT CHARSET=utf8mb4;

--
-- Dumping data for table `employees`
--

INSERT INTO `employees` (`id`, `first_name`, `last_name`, `middle_name`, `birth_date`, `department_id`, `hire_date`, `boss_id`) VALUES
(1, 'Manabu', 'Yamazaki', NULL, '1976-03-15', 1, NULL, NULL),
(2, 'Tomohiko', 'Takasago', NULL, '1974-05-24', 3, '2014-04-01', 1),
(3, 'Yuta', 'Kawakami', NULL, '1990-08-13', 4, '2014-04-01', 1),
(4, 'Shogo', 'Kubota', NULL, '1985-01-31', 4, '2014-12-01', 1),
(5, 'Lorraine ', 'San Jose', 'P', '1983-10-11', 2, '2015-03-10', 1),
(6, 'Haille', 'Dela Cruz', 'A', '1990-11-12', 3, '2015-02-15', 2),
(7, 'Godfrey', 'Sarmenta', 'L', '1993-09-13', 4, '2015-01-01', 1),
(8, 'Alex', 'Amistad', 'F', '1988-04-14', 4, '2015-04-10', 1),
(9, 'Hideshi', 'Ogoshi', NULL, '1983-07-15', 4, '2014-06-01', 1),
(10, 'Kim', '', '', '1977-10-16', 5, '2015-08-06', 1);

-- --------------------------------------------------------

--
-- Table structure for table `employee_positions`
--

CREATE TABLE `employee_positions` (
  `id` int(11) DEFAULT NULL,
  `employee_id` int(11) DEFAULT NULL,
  `position_id` int(11) DEFAULT NULL
) ENGINE=InnoDB DEFAULT CHARSET=utf8mb4;

--
-- Dumping data for table `employee_positions`
--

INSERT INTO `employee_positions` (`id`, `employee_id`, `position_id`) VALUES
(1, 1, 1),
(2, 1, 2),
(3, 1, 3),
(4, 2, 4),
(5, 3, 5),
(6, 4, 5),
(7, 5, 5),
(8, 6, 5),
(9, 7, 5),
(10, 8, 5),
(11, 9, 5),
(12, 10, 5);

-- --------------------------------------------------------

--
-- Table structure for table `positions`
--

CREATE TABLE `positions` (
  `id` int(11) DEFAULT NULL,
  `name` char(100) DEFAULT NULL
) ENGINE=InnoDB DEFAULT CHARSET=utf8mb4;

--
-- Dumping data for table `positions`
--

INSERT INTO `positions` (`id`, `name`) VALUES
(1, 'CEO'),
(2, 'CTO'),
(3, 'CFO'),
(4, 'Manager'),
(5, 'Staff');
COMMIT;

/*!40101 SET CHARACTER_SET_CLIENT=@OLD_CHARACTER_SET_CLIENT */;
/*!40101 SET CHARACTER_SET_RESULTS=@OLD_CHARACTER_SET_RESULTS */;
/*!40101 SET COLLATION_CONNECTION=@OLD_COLLATION_CONNECTION */;
